﻿Designator,Footprint,Quantity,Value,LCSC Part #
C1,0805,1,100nF,
C2,CAPC3216X180N,1,47nF,
"C3, C7",CAPC3216X178N,2,1uF,
C4,CAPC1608X95N,1,0u1F,
C5,CAPC6153X500N,1,KCM55TR71H226MH01L,
C6,1206,1,22uF,
"H1, H2",MountingHole_2.2mm_M2,2,MountingHole,
IC1,QFN50P500X700X100-41N-D,1,MCT8316Z0TQRGFRQ1,
J2,Molex_KK-254_AE-6410-08A_1x08_P2.54mm_Vertical,1,Motor,
J3,PinSocket_2x03_P2.54mm_Vertical,1,Connector_PinSocket_2.54mm:PinSocket_2x03_P2.54mm_Vertical,
J4,Molex_KK-396_5273-02A_1x02_P3.96mm_Vertical,1,Connector_Molex:Molex_KK-396_5273-02A_1x02_P3.96mm_Vertical,
L1,INDPM7973X540N,1,47uH,
"R1, R2",0603,2,5k1,
R3,0805,1,1M,
R4,0603,1,27k,
R5,0603,1,20k,
R6,0402,1,47k,
R7,0402,1,22k,
